id,topic
0,"Discuss the potential benefits and risks of human-induced climate change mitigation efforts.
"
1,"Analyze the ethical implications of artificial intelligence in healthcare decision-making.
"
2,"Compare and contrast the design philosophies of sustainable and traditional building practices.
"
3,"Explain the significance of the concept of infinity in different branches of mathematics.
"
4,"Assess the impact of the printing press on the course of the European Renaissance.
"
5,"Analyze the role of unreliable narration in a specific work of fiction.
"
6,"Examine the philosophical implications of artificial consciousness and sentience.
"
7,"Discuss the relationship between art and social activism throughout history.
"
8,"Compare and contrast the musical styles of two prominent composers from different eras.
"
9,"Analyze the effectiveness of different electoral systems in promoting fair representation.
"
10,"Evaluate the impact of globalization on income inequality across different nations.
"
11,"Discuss the role of cognitive biases in shaping human decision-making processes.
"
12,"Analyze the impact of social media on the formation of social identities.
"
13,"Compare and contrast kinship systems in two different cultural groups.
"
14,"Explain the role of symbiotic relationships in the evolution of complex life forms.
"
15,"Discuss the importance of chemical reactions in everyday life and industrial processes.
"
16,"Explain the implications of Einstein's theory of relativity on our understanding of the universe.
"
17,"Discuss the search for extraterrestrial life and the methods used to detect it.
"
18,"Explain the processes that contribute to the formation of different types of rocks.
"
19,"Analyze the impact of climate change on coastal regions and populations worldwide.
"
20,"Evaluate the effectiveness of different strategies for conserving biodiversity.
"
21,"Discuss the ethical considerations surrounding the development and use of artificial intelligence.
"
22,"Analyze the impact of telehealth on healthcare access and patient outcomes.
"
23,"Discuss the challenges and ethical considerations of organ transplantation.
"
24,"Analyze the effectiveness of restorative justice practices in addressing crime.
"
25,"Evaluate the impact of social media marketing on business success.
"
26,"Discuss the effectiveness of different teaching methodologies in promoting student learning.
"
27,"Analyze the impact of technology on the training and performance of athletes.
"
28,"Discuss the impact of video game design on player engagement and experience.
"
29,"Analyze the influence of social media on current fashion trends and consumer behavior.
"
30,"Discuss the impact of industrial food production on global food security and sustainability.
"
31,"Analyze the role of photography in shaping public perception and historical memory.
"
32,"Compare and contrast the use of cinematography in two distinct film genres.
"
33,"Analyze the role of stagecraft in enhancing the theatrical experience for the audience.
"
34,"Discuss the evolution of a specific dance style and its cultural significance.
"
35,"Analyze the impact of streaming services on television production and consumption.
"
36,"Evaluate the lasting impact of radio broadcasting on society and culture.
"
37,"Discuss the ethical responsibilities of journalists in the digital age.
"
38,"Analyze the impact of social media algorithms on information dissemination and user behavior.
"
39,"Evaluate the effectiveness of different advertising strategies in influencing consumer choices.
"
40,"Analyze the role of branding in building customer loyalty and market share.
"
41,"Discuss the importance of crisis communication in managing reputational risk.
"
42,"Analyze the influence of lobbying on the legislative process in a specific country.
"
43,"Evaluate the effectiveness of government regulation in a specific industry.
"
44,"Discuss the ethical implications of drone warfare and targeted killings.
"
45,"Analyze the role of human intelligence in the age of artificial intelligence.
"
46,"Compare and contrast the scientific methods used in two different scientific fields.
"
47,"Evaluate the impact of 5G technology on various sectors of the economy.
"
48,"Discuss the challenges and innovations in sustainable infrastructure design.
"
49,"Explain the application of mathematical modeling in predicting natural phenomena.
"
50,"Analyze the impact of a major historical event on social structures and norms.
"
51,"Compare the use of narrative voice in two different literary works.
"
52,"Discuss the concept of moral responsibility and its implications for ethical action.
"
53,"Analyze the use of color and composition in a specific artwork.
"
54,"Discuss the influence of technology on the creation and distribution of music.
"
55,"Analyze the role of political ideology in shaping foreign policy decisions.
"
56,"Evaluate the effectiveness of government intervention in regulating market failures.
"
57,"Discuss the influence of social context on the development of personality.
"
58,"Analyze the impact of globalization on social inequality and stratification.
"
59,"Compare and contrast cultural practices related to death and mourning rituals.
"
60,"Explain the process of natural selection and its role in evolution.
"
61,"Discuss the applications of organic chemistry in the development of pharmaceuticals.
"
62,"Explain the concept of quantum entanglement and its potential applications.
"
63,"Discuss the formation and evolution of planetary systems around other stars.
"
64,"Explain the processes that shape the Earth's surface features over time.


"
65,"Analyze the impact of urbanization on global environmental patterns.
"
66,"Evaluate the effectiveness of renewable energy sources in mitigating climate change.
"
67,"Discuss the challenges and opportunities presented by big data analytics.
"
68,"Analyze the impact of healthcare disparities on population health outcomes.
"
69,"Discuss the role of preventative medicine in improving public health.
"
70,"Analyze the effectiveness of international law in addressing human rights violations.
"
71,"Evaluate the impact of corporate social responsibility on a company's brand image.
"
72,"Discuss the challenges and benefits of integrating technology into the classroom.
"
73,"Analyze the impact of athletic endorsements on brand marketing strategies.
"
74,"Discuss the psychological effects of playing competitive video games.
"
75,"Analyze the role of sustainability in the modern fashion industry.
"
76,"Discuss the ethical implications of industrial food production practices.
"
77,"Analyze the impact of digital photography on the art of photography.
"
78,"Compare the narrative structures of classic Hollywood and independent cinema.
"
79,"Analyze the use of dramatic irony in a specific theatrical production.
"
80,"Discuss the influence of cultural traditions on contemporary dance styles.
"
81,"Analyze the representation of gender roles in a specific television show.
"
82,"Discuss the evolution of radio broadcasting technology and its impact on society.
"
83,"Analyze the impact of ""fake news"" on public trust in journalism.
"
84,"Evaluate the impact of social media on political polarization.
"
85,"Analyze the effectiveness of targeted advertising techniques on consumer behavior.
"
86,"Discuss the role of market research in developing successful marketing strategies.
"
87,"Analyze the use of social media in modern public relations campaigns.
"
88,"Compare and contrast two different political ideologies and their core tenets.
"
89,"Evaluate the effectiveness of a specific government policy on a social issue.
"
90,"Analyze the impact of technological advancements on modern warfare.
"
91,"Discuss the ethical considerations of using artificial intelligence in intelligence gathering.
"
92,"Analyze the impact of scientific advancements on societal development.
"
93,"Discuss the implications of automation on the future of work.
"
94,"Evaluate the role of engineering in addressing global climate change.
"
95,"Explain the practical applications of calculus in various scientific fields.
"
96,"Analyze the causes and consequences of a major historical conflict.
"
97,"Compare and contrast the themes of two works of classic literature.
"
98,"Discuss the philosophical implications of artificial general intelligence.
"
99,"Analyze the impact of a specific art movement on society.
"
100,"Discuss the relationship between music and emotional expression.
"
101,"Analyze the effectiveness of different voting systems in achieving democratic goals.
"
102,"Evaluate the impact of international trade on economic growth and inequality.
"
103,"Discuss the psychological effects of long-term stress on human health.
"
104,"Analyze the social construction of gender and its impact on society.
"
105,"Compare and contrast different cultural perspectives on family structures.
"
106,"Explain the role of biodiversity in maintaining ecosystem stability.
"
107,"Discuss the importance of chemical bonding in determining molecular properties.
"
108,"Explain the wave-particle duality of light and its experimental evidence.
"
109,"Discuss the evidence supporting the Big Bang theory of the universe's origin.
"
110,"Explain the processes involved in the formation of metamorphic rocks.
"
111,"Analyze the impact of plate tectonics on the distribution of natural resources.
"
112,"Evaluate the effectiveness of international agreements in addressing pollution.
"
113,"Discuss the ethical implications of artificial intelligence in cybersecurity.
"
114,"Analyze the impact of social determinants of health on health outcomes.
"
115,"Discuss the role of antibiotics in treating bacterial infections and the rise of antibiotic resistance.
"
116,"Analyze the effectiveness of capital punishment as a deterrent to crime.


"
117,"Evaluate the impact of globalization on the strategies of multinational corporations.
"
118,"Discuss the effectiveness of standardized testing in evaluating student learning.
"
119,"Analyze the impact of social media on athlete branding and public image.
"
120,"Discuss the influence of game mechanics on player engagement and satisfaction.
"
121,"Analyze the impact of fast fashion on environmental sustainability.


"
122,"Discuss the role of food culture in shaping national identities.
"
123,"Analyze the use of light and shadow in a specific photographic style.
"
124,"Compare the directorial styles of two prominent filmmakers.
"
125,"Analyze the use of symbolism and metaphor in a specific play.
"
126,"Discuss the evolution of dance as a form of storytelling.
"
127,"Analyze the impact of reality television on societal values and norms.


"
128,"Discuss the role of radio in shaping public opinion and political discourse.
"
129,"Analyze the impact of investigative journalism on social change.


"
130,"Discuss the influence of social media on the spread of misinformation.
"
131,"Analyze the effectiveness of celebrity endorsements in advertising campaigns.


"
132,"Evaluate the impact of digital marketing on traditional marketing strategies.
"
133,"Analyze the role of public relations in shaping corporate reputation.
"
134,"Compare and contrast presidential and parliamentary systems of government.
"
135,"Evaluate the effectiveness of government regulation in protecting consumer rights.
"
136,"Analyze the impact of military spending on national economic development.


"
137,"Discuss the ethical challenges of using human intelligence in covert operations.
"
138,"Analyze the role of scientific skepticism in advancing scientific knowledge.
"
139,"Discuss the societal impact of increased reliance on technology for communication.
"
140,"Analyze the role of engineering in developing sustainable energy solutions.
"
141,"Explain the importance of mathematical logic in computer science.
"
142,"Compare and contrast the causes of two major historical revolutions.
"
143,"Analyze the use of figurative language in a specific literary work.
"
144,"Discuss the philosophical concept of existentialism and its implications.
"
145,"Analyze the representation of power in a specific artwork or artistic movement.
"
146,"Discuss the influence of cultural context on musical composition and performance.
"
147,"Analyze the role of political parties in shaping public policy.
"
148,"Evaluate the effectiveness of different economic systems in promoting economic growth.
"
149,"Discuss the impact of early childhood experiences on adult personality.


"
150,"Analyze the relationship between social class and access to education.


"
151,"Compare and contrast kinship systems in two different cultures.


"
152,"Explain the process of photosynthesis and its importance to life on Earth.


"
153,"Discuss the role of catalysts in chemical reactions and industrial processes.


"
154,"Explain Newton's laws of motion and their application in everyday life.
"
155,"Discuss the life cycle of stars and the processes involved.


"
156,"Explain the formation and characteristics of different types of volcanoes.


"
157,"Analyze the impact of climate change on global weather patterns.


"
158,"Evaluate the effectiveness of various strategies for reducing carbon emissions.
"
159,"Discuss the impact of cloud computing on data storage and accessibility.
"
160,"Analyze the impact of preventative healthcare on reducing healthcare costs.


"
161,"Discuss the ethical considerations surrounding medical research on human subjects.


"
162,"Analyze the effectiveness of international human rights law in protecting individuals.


"
163,"Evaluate the impact of supply chain disruptions on global business operations.


"
164,"Discuss the importance of early childhood education in long-term academic success.
"
165,"Analyze the impact of sports on national identity and unity.


"
166,"Discuss the role of storytelling in enhancing video game experiences.


"
167,"Analyze the influence of social media on fashion trends and consumer behavior.


"
168,"Discuss the impact of food deserts on public health and nutrition.


"
169,"Analyze the use of composition and framing in a specific photograph.


"
170,"Compare the narrative techniques used in two different film genres.


"
171,"Analyze the use of dramatic irony in a specific Shakespearean play.


"
172,"Discuss the role of improvisation in contemporary dance performance.


"
173,"Analyze the impact of streaming services on the television industry.


"
174,"Discuss the evolution of radio drama and its enduring appeal.
"
175,"Analyze the impact of citizen journalism on traditional news media.


"
176,"Evaluate the impact of social media on political campaigns and elections.


"
177,"Analyze the use of emotional appeals in persuasive advertising techniques.


"
178,"Discuss the importance of brand loyalty in achieving long-term marketing success.


"
179,"Analyze the role of crisis communication in protecting an organization's reputation.


"
180,"Compare and contrast the roles of different branches of government.


"
181,"Evaluate the effectiveness of government policies aimed at reducing poverty.


"
182,"Analyze the impact of military technology on the conduct of warfare.




"
183,"Discuss the ethical implications of using artificial intelligence in intelligence analysis.
"
184,"Discuss the importance of peer review in the scientific process.
"
185,"Analyze the impact of social media on interpersonal communication.


"
186,"Discuss the challenges of designing sustainable and resilient infrastructure.
"
187,"Explain the applications of statistical methods in analyzing real-world data.


"
188,"Analyze the impact of colonialism on post-colonial societies and economies.


"
189,"Compare and contrast the narrative styles of two different authors.


"
190,"Discuss the ethical implications of artificial intelligence and automation.


"
191,"Analyze the use of symbolism in a specific artistic movement.
"
192,"Discuss the impact of technology on music production and distribution.


"
193,"Analyze the influence of campaign finance on election outcomes.


"
194,"Evaluate the impact of government regulation on market efficiency.


"
195,"Discuss the role of cognitive biases in decision-making processes.


"
196,"Analyze the impact of social media on social interaction and relationships.


"
197,"Compare and contrast cultural practices related to marriage and family.


"
198,"Explain the process of cellular respiration and its importance to living organisms.


"
199,"Discuss the properties and applications of different types of chemical bonds.


"
200,"Explain the principles of thermodynamics and their real-world applications.


"
201,"Discuss the formation and evolution of galaxies in the universe.




"
202,"Explain the processes that lead to the formation of sedimentary rocks.


"
203,"Analyze the impact of climate change on global population distribution.


"
204,"Evaluate the effectiveness of different approaches to waste management.




"
205,"Discuss the ethical implications of artificial intelligence in healthcare.
"
206,"Analyze the impact of healthcare costs on individuals and the economy.


"
207,"Discuss the role of preventative care in improving public health outcomes.


"
208,"Analyze the impact of social media on legal proceedings and public perception.


"
209,"Evaluate the impact of globalization on small and medium-sized businesses.


"
210,"Discuss the challenges and benefits of personalized learning in education.


"
211,"Analyze the impact of athletic scholarships on college sports.




"
212,"Discuss the role of game design in creating immersive player experiences.


"
213,"Analyze the impact of ethical concerns on the fashion industry's practices.


"
214,"Discuss the relationship between food culture and national identity.


"
215,"Analyze the use of light and shadow to create mood in photography.




"
216,"Compare the use of mise-en-sc√®ne in two different films.


"
217,"Analyze the use of dramatic irony in a specific play.




"
218,"Discuss the influence of music on dance choreography and performance.




"
219,"Analyze the portrayal of gender roles in a specific television series.




"
220,"Discuss the impact of podcasting on the radio broadcasting industry.


"
221,"Analyze the role of investigative journalism in holding power accountable.




"
222,"Discuss the impact of social media on political polarization and discourse.




"
223,"Analyze the use of humor in advertising campaigns and its effectiveness.




"
224,"Evaluate the effectiveness of different marketing strategies for reaching niche markets.




"
225,"Analyze the role of public relations in managing a corporate crisis.




"
226,"Compare and contrast different models of democratic governance.




"
227,"Evaluate the effectiveness of government regulation in protecting the environment.





"
228,"Analyze the impact of asymmetric warfare on military strategy.





"
229,"Discuss the ethical implications of using big data in intelligence gathering.
"
230,"Analyze the role of scientific collaboration in addressing global challenges.
"
231,"Discuss the impact of artificial intelligence on the future of employment.
"
232,"Analyze the role of engineering in addressing global water scarcity.


"
233,"Explain the applications of mathematical modeling in predicting disease outbreaks.


"
234,"Analyze the impact of a significant historical event on global politics.


"
235,"Compare the use of symbolism in two different literary works.


"
236,"Discuss the philosophical implications of advancements in biotechnology.

"
237,"Analyze the relationship between art and social commentary throughout history.


"
238,"Discuss the evolution of a specific musical genre and its cultural impact.

"
239,"Analyze the role of political rhetoric in shaping public opinion.




"
240,"Evaluate the impact of government spending on economic growth and stability.




"
241,"Discuss the influence of cognitive biases on human perception and judgment.




"
242,"Analyze the impact of social inequality on health outcomes.




"
243,"Compare and contrast religious rituals in two different cultures.




"
244,"Explain the principles of Mendelian genetics and their applications.




"
245,"Discuss the importance of chemical reactions in environmental processes.





"
246,"Explain the concept of energy conservation and its implications.




"
247,"Discuss the methods used to detect and characterize exoplanets.





"
248,"Explain the rock cycle and the processes that drive it.





"
249,"Analyze the impact of urbanization on global environmental challenges.




"
250,"Evaluate the effectiveness of conservation efforts in protecting biodiversity.




"
251,"Discuss the ethical implications of artificial intelligence in decision-making.





"
252,"Analyze the impact of access to healthcare on health disparities.




"
253,"Discuss the role of preventative medicine in improving patient outcomes.





"
254,"Analyze the effectiveness of international law in addressing human rights abuses.




"
255,"Evaluate the impact of corporate social responsibility on business profitability.






"
256,"Discuss the effectiveness of different teaching methods on student learning outcomes.





"
257,"Analyze the impact of technology on athletic training and performance.




"
258,"Discuss the role of game mechanics in shaping player behavior and engagement.





"
259,"Analyze the influence of social media on the fashion industry's trends.






"
260,"Discuss the impact of globalization on food production and distribution systems.




"
261,"Analyze the use of visual storytelling in documentary photography.





"
262,"Compare and contrast the narrative structures of two different films.




"
263,"Analyze the use of stagecraft to enhance a theatrical production's impact.




"
264,"Discuss the influence of cultural traditions on modern dance forms.





"
265,"Analyze the impact of streaming services on television viewership habits.





"
266,"Discuss the role of radio in shaping public opinion and political discourse.




"
267,"Analyze the impact of media bias on public understanding of events.





"
268,"Discuss the impact of social media algorithms on information consumption.






"
269,"Analyze the effectiveness of different advertising strategies in reaching target audiences.






"
270,"Evaluate the role of branding in building customer loyalty and market share.




"
271,"Analyze the importance of media relations in a successful PR strategy.





"
272,"Compare and contrast different political ideologies and their core principles.






"
273,"Evaluate the effectiveness of government regulation in a specific industry.







"
274,"Analyze the impact of technological advancements on modern warfare tactics.









"
275,"Discuss the ethical considerations of using surveillance technologies in intelligence gathering.
"
276,"Analyze the impact of scientific advancements on environmental conservation efforts.
"
277,"Discuss the implications of automation on the future of the workforce.
"
278,"Analyze the role of engineering in addressing global climate change challenges.


"
279,"Explain the applications of mathematical modeling in predicting natural disasters.




"
280,"Analyze the long-term consequences of a major historical turning point.




"
281,"Compare the narrative styles of two prominent authors from different eras.




"
282,"Discuss the ethical implications of artificial intelligence and human autonomy.





"
283,"Analyze the use of color and form in a specific artistic movement.




"
284,"Discuss the influence of technology on music composition and performance.





"
285,"Analyze the impact of globalization on national sovereignty and governance.





"
286,"Evaluate the effectiveness of government intervention in regulating market economies.





"
287,"Discuss the impact of social influences on individual behavior and attitudes.





"
288,"Analyze the relationship between social class and access to healthcare resources.






"
289,"Compare and contrast kinship systems in two distinct cultural groups.





"
290,"Explain the process of natural selection and its role in evolution.







"
291,"Discuss the importance of chemical reactions in biological processes.









"
292,"Explain the principles of quantum mechanics and their implications.









"
293,"Discuss the evidence supporting the Big Bang theory of the universe's origin.








"
294,"Explain the processes that contribute to the formation of mountains.









"
295,"Analyze the impact of climate change on coastal erosion and sea-level rise.





"
296,"Evaluate the effectiveness of different approaches to managing water resources.









"
297,"Discuss the ethical implications of using artificial intelligence in criminal justice.





"
298,"Analyze the impact of healthcare policy on access to medical services.








"
299,"Discuss the role of preventative medicine in reducing healthcare costs.









"
300,"Analyze the impact of social media on the legal profession and court proceedings.









"
301,"Evaluate the impact of e-commerce on traditional brick-and-mortar retail businesses.









"
302,"Discuss the effectiveness of different approaches to early childhood education.









"
303,"Analyze the impact of commercialization on the integrity of professional sports.









"
304,"Discuss the impact of game design on player engagement and satisfaction.









"
305,"Analyze the influence of sustainability on contemporary fashion design and production.









"
306,"Discuss the impact of food waste on environmental sustainability and resource management.





"
307,"Analyze the use of perspective and composition in a specific photographic style.











"
308,"Compare the narrative techniques used in classic and modern filmmaking.









"
309,"Analyze the use of symbolism and metaphor in a specific theatrical production.









"
310,"Discuss the role of storytelling in contemporary dance choreography.











"
311,"Analyze the impact of streaming services on television production and distribution.











"
312,"Discuss the evolution of radio broadcasting and its influence on society.









"
313,"Analyze the ethical considerations of reporting on sensitive social issues.











"
314,"Discuss the impact of social media on the spread of misinformation and disinformation.









"
315,"Analyze the effectiveness of targeted advertising in reaching specific consumer demographics.









"
316,"Evaluate the role of digital marketing in building brand awareness and customer loyalty.











"
317,"Analyze the importance of crisis communication in managing organizational reputation.











"
318,"Compare and contrast the effectiveness of different political campaign strategies.











"
319,"Evaluate the effectiveness of government policies in addressing income inequality.











"
320,"Analyze the impact of technological advancements on military strategy and tactics.









"
321,"Discuss the ethical implications of using artificial intelligence in intelligence operations.









"
322,"Analyze the role of scientific consensus in shaping public policy decisions.
"
323,"Discuss the impact of technological advancements on global interconnectedness.


"
324,"Analyze the role of engineering in addressing challenges related to sustainable development.



"
325,"Explain the applications of mathematical modeling in predicting climate change impacts.





"
326,"Analyze the impact of a specific historical event on social and political structures.





"
327,"Compare and contrast the narrative techniques used in two novels.





"
328,"Discuss the philosophical implications of artificial general intelligence (AGI).




"
329,"Analyze the use of symbolism and allegory in a specific artwork.





"
330,"Discuss the influence of cultural context on musical expression and interpretation.





"
331,"Analyze the role of political ideologies in shaping foreign policy decisions.







"
332,"Evaluate the impact of globalization on economic inequality and poverty.







"
333,"Discuss the impact of social media on adolescent mental health and well-being.








"
334,"Analyze the impact of social stratification on educational attainment and opportunity.









"
335,"Compare and contrast kinship systems in two different cultural contexts.











"
336,"Explain the process of DNA replication and its significance in cell division.









"
337,"Discuss the properties and applications of different types of chemical reactions.











"
338,"Explain the principles of Newton's laws of motion and their real-world applications.









"
339,"Discuss the formation and evolution of planetary systems around stars.











"
340,"Explain the processes that contribute to the formation of sedimentary rocks.











"
341,"Analyze the impact of climate change on global weather patterns and ecosystems.











"
342,"Evaluate the effectiveness of different strategies for mitigating climate change.











"
343,"Discuss the ethical implications of artificial intelligence in autonomous systems.











"
344,"Analyze the impact of healthcare access on health disparities and outcomes.











"
345,"Discuss the role of medical technology in improving patient care and treatment.













"
346,"Analyze the impact of social media on legal proceedings and public perception of justice.









"
347,"Evaluate the impact of globalization on business strategies and competitive landscapes.











"
348,"Discuss the role of technology in transforming modern education practices.









"
349,"Analyze the impact of commercialization on the integrity of professional sports leagues.











"
350,"Discuss the impact of game design on player engagement and motivation.











"
351,"Analyze the influence of social media on fashion trends and consumer purchasing behavior.









"
352,"Discuss the impact of industrial food production on global food security and sustainability.











"
353,"Analyze the use of light and shadow to create mood and atmosphere in photography.











"
354,"Compare and contrast the narrative styles of two prominent film directors.













"
355,"Analyze the use of dramatic irony to enhance the impact of a specific play.











"
356,"Discuss the influence of cultural traditions on the evolution of dance styles.














"
357,"Analyze the impact of streaming services on the television industry's business model.














"
358,"Discuss the role of radio in shaping public opinion and political discourse.














"
359,"Analyze the ethical challenges faced by journalists in the digital age.
















"
360,"Discuss the impact of social media on political polarization and social movements.
















"
361,"Analyze the effectiveness of different advertising strategies in influencing consumer behavior.


















"
362,"Evaluate the role of digital marketing in building brand awareness and customer loyalty.




















"
363,"Analyze the importance of crisis communication in protecting an organization's reputation.




















"
364,"Compare and contrast the effectiveness of different political systems of governance.




















"
365,"Evaluate the effectiveness of government regulation in promoting economic growth.




















"
366,"Analyze the impact of military spending on national economic development and social programs.




















"
367,"Discuss the ethical considerations of using artificial intelligence in intelligence analysis.




















"
368,"Analyze the impact of scientific advancements on societal progress and ethical considerations.




















"
369,"Discuss the impact of technological advancements on global communication and connectivity.




















"
370,"Analyze the role of engineering in developing sustainable and resilient infrastructure systems.






















"
371,"Explain the applications of mathematical modeling in predicting and managing disease outbreaks.


















"
372,"Analyze the long-term consequences of a major historical conflict on global geopolitics.




















"
373,"Compare and contrast the narrative voices in two works of contemporary fiction.




















"
374,"Discuss the ethical implications of using artificial intelligence in healthcare decision-making.




















"
375,"Analyze the use of symbolism and allegory in a specific artistic movement.



















"
376,"Discuss the influence of technology on music production and distribution methods.




















"
377,"Analyze the impact of political polarization on effective governance and policymaking.




















"
378,"Evaluate the impact of government regulation on market competition and innovation.






















"
379,"Discuss the impact of social media on self-esteem and body image in adolescents.




















"
380,"Analyze the relationship between social inequality and access to healthcare services.






















"
381,"Compare and contrast cultural perspectives on family structures and kinship systems.




















"
382,"Explain the process of cellular respiration and its importance to energy production in cells.




















"
383,"Discuss the role of chemical reactions in environmental processes and pollution control.




















"
384,"Explain the principles of thermodynamics and their relevance to energy production and efficiency.






















"
385,"Discuss the methods used to detect and characterize exoplanets and their planetary systems.




















"
386,"Explain the processes involved in the formation and evolution of metamorphic rocks.




















"
387,"Analyze the impact of climate change on global weather patterns and human populations.




















"
388,"Evaluate the effectiveness of different strategies for conserving biodiversity and protecting ecosystems.






















"
389,"Discuss the ethical implications of using artificial intelligence in autonomous vehicles.




















"
390,"Analyze the impact of rising healthcare costs on access to medical care and patient outcomes.






















"
391,"Discuss the role of preventative medicine in improving overall public health and reducing disease burden.




















"
392,"Analyze the impact of social media on the legal profession and the administration of justice.




















"
393,"Evaluate the impact of globalization on the strategies of multinational corporations and small businesses.






















"
394,"Discuss the effectiveness of different teaching methodologies in promoting student engagement and learning.




















"
395,"Analyze the impact of technology on athletic training, performance enhancement, and injury prevention.




















"
396,"Discuss the role of game mechanics in shaping player experience and engagement in video games.






















"
397,"Analyze the influence of sustainability concerns on contemporary fashion design and manufacturing practices.






















"
398,"Discuss the impact of industrial food production on global food security and environmental sustainability.




















"
399,"Analyze the use of composition and framing techniques in a specific photographic style or movement.






















"
400,"Compare and contrast the narrative structures of two films from different genres.


















"
401,"Analyze the use of stagecraft and lighting to enhance a theatrical production's mood and atmosphere.




















"
402,"Discuss the influence of cultural traditions on the development of specific dance forms.




















"
403,"Analyze the impact of streaming services on television production and viewership habits.






















"
404,"Discuss the evolution of radio broadcasting and its continuing influence on society.




















"
405,"Analyze the role of investigative journalism in holding power accountable and promoting social change.






















"
406,"Discuss the impact of social media algorithms on information dissemination and user behavior.




















"
407,"Analyze the effectiveness of different advertising strategies in influencing consumer purchasing decisions.






















"
408,"Evaluate the role of digital marketing in building brand awareness and customer engagement.






















"
409,"Analyze the importance of crisis communication in managing and mitigating reputational risks.
























"
410,"Compare and contrast the effectiveness of different political campaign strategies in achieving electoral success.




















"
411,"Evaluate the effectiveness of government policies in addressing social and economic inequality.




















"
412,"Analyze the impact of technological advancements on modern military strategy and doctrine.




















"
413,"Discuss the ethical considerations of using big data analytics in intelligence gathering and analysis.






















"
414,"Analyze the role of scientific consensus in informing public policy and decision-making processes.




















"
415,"Discuss the impact of artificial intelligence on various sectors of the global economy.






















"
416,"Analyze the role of engineering in developing sustainable and resilient infrastructure solutions.




















"
417,"Explain the applications of mathematical modeling in predicting and managing environmental changes.




















"
418,"Analyze the long-term consequences of colonialism on post-colonial societies and economies.




















"
419,"Compare and contrast the narrative techniques employed in two classic works of literature.






















"
420,"Discuss the ethical implications of using artificial intelligence in criminal justice systems.




















"
421,"Analyze the use of symbolism and metaphor in a specific artistic movement or artwork.






















"
422,"Discuss the influence of cultural context on the development and evolution of musical genres.






















"
423,"Analyze the impact of political ideologies on domestic and foreign policy decisions.


















"
424,"Evaluate the effectiveness of different economic policies in promoting sustainable economic growth.




















"
425,"Discuss the impact of childhood experiences on the development of adult personality traits.




















"
426,"Analyze the relationship between social inequality and access to quality healthcare services.




















"
427,"Compare and contrast kinship systems and family structures in two different cultures.




















"
428,"Explain the process of photosynthesis and its importance in maintaining Earth's ecosystems.




















"
429,"Discuss the role of chemical reactions in environmental processes and pollution control strategies.




















"
430,"Explain the principles of energy conservation and its applications in various technological systems.






















"
431,"Discuss the methods used to detect and characterize exoplanets and their atmospheric compositions.






















"
432,"Explain the processes that contribute to the formation and evolution of igneous rocks.




















"
433,"Analyze the impact of urbanization on global environmental sustainability and resource management.






















"
434,"Evaluate the effectiveness of various strategies for mitigating and adapting to climate change impacts.






















"
435,"Discuss the ethical implications of artificial intelligence in autonomous weapons systems.
























"
436,"Analyze the impact of socioeconomic factors on access to quality healthcare services.




















"
437,"Discuss the role of medical technology in improving diagnostic accuracy and treatment effectiveness.






















"
438,"Analyze the impact of artificial intelligence on legal research and decision-making processes.




















"
439,"Evaluate the impact of e-commerce on the strategies of traditional brick-and-mortar retail businesses.






















"
440,"Discuss the effectiveness of different pedagogical approaches in promoting student learning outcomes.






















"
441,"Analyze the impact of social media on athletes' public image and brand endorsements.




















"
442,"Discuss the role of game mechanics in creating engaging and immersive player experiences.  
























"
443,"Analyze the influence of sustainability concerns on the ethical practices of the fashion industry.  


























"
444,"Discuss the impact of food globalization on local food cultures and traditions.  


























"
445,"Analyze the use of visual elements like composition and lighting in a specific photographic style.  


























"
446,"Compare and contrast the narrative structures of two films from different cinematic movements.  




























"
447,"Analyze the use of dramatic irony to enhance audience engagement in a specific play.  
































"
448,"Discuss the influence of cultural heritage on the evolution of a specific dance form.  

































"
449,"Analyze the impact of streaming services on the production and consumption of television content.  

































"
450,"Discuss the evolution of radio broadcasting and its ongoing influence on society and culture.  

































"
451,"Analyze the ethical considerations of reporting on controversial social and political issues.  

































"
452,"Discuss the impact of social media algorithms on the spread of misinformation and political polarization.  



































"
453,"Analyze the effectiveness of different advertising strategies in targeting specific consumer demographics.  

































"
454,"Evaluate the role of digital marketing in building brand loyalty and driving sales growth.  



































"
455,"Analyze the importance of crisis communication in protecting and rebuilding an organization's reputation.  




































"
456,"Compare and contrast the strengths and weaknesses of different political ideologies.  


































"
457,"Evaluate the effectiveness of government regulation in a specific industry or sector.  




































"
458,"Analyze the impact of technological advancements on modern military strategy and doctrine.  




































"
459,"Discuss the ethical implications of using artificial intelligence in intelligence gathering and analysis.  




































"
460,"Analyze the role of scientific collaboration in addressing global challenges and promoting scientific advancements.  




































"
461,"Discuss the impact of automation and artificial intelligence on the future of work and employment.  






































"
462,"Analyze the role of engineering in developing sustainable and resilient infrastructure for the future.  








































"
463,"Explain the applications of mathematical modeling in predicting and mitigating the spread of infectious diseases.  








































"
464,"Analyze the long-term consequences of a significant historical event on global power dynamics.  










































"
465,"Compare and contrast the use of symbolism in two different literary works or genres.  








































"
466,"Discuss the ethical implications of artificial intelligence and its potential impact on human society.  










































"
467,"Analyze the relationship between art and social or political movements throughout history.  










































"
468,"Discuss the influence of technology on music creation, distribution, and consumption patterns.  








































"
469,"Analyze the impact of globalization on national sovereignty and international relations.  










































"
470,"Evaluate the effectiveness of government intervention in regulating free market economies.  










































"
471,"Discuss the impact of social media usage on adolescent psychological development and well-being.  










































"
472,"Analyze the relationship between social inequality and access to educational opportunities.  










































"
473,"Compare and contrast cultural practices related to kinship and family structures across different societies.  










































"
474,"Explain the role of genetic mutations in the process of biological evolution and adaptation.  












































"
475,"Discuss the importance of chemical reactions in maintaining Earth's climate and atmospheric conditions.  














































"
476,"Explain the principles of thermodynamics and their applications in various technological systems and processes.  
















































"
477,"Discuss the methods used to detect and characterize exoplanets and the implications for understanding planetary formation.  








































"
478,"Explain the processes involved in the formation and movement of tectonic plates.  










































"
479,"Analyze the impact of climate change on global weather patterns and human migration patterns.  










































"
480,"Evaluate the effectiveness of different strategies for mitigating and adapting to climate change impacts on ecosystems.  










































"
481,"Discuss the ethical implications of using artificial intelligence in law enforcement and surveillance.  










































"
482,"Analyze the impact of socioeconomic disparities on access to quality healthcare and health outcomes.  










































"
483,"Discuss the role of preventative healthcare measures in improving public health and reducing healthcare costs.  












































"
484,"Analyze the impact of social media on legal proceedings and the administration of justice.  












































"
485,"Evaluate the impact of globalization on business strategies and international trade relations.  














































"
486,"Discuss the effectiveness of different pedagogical approaches in fostering critical thinking skills in students.  










































"
487,"Analyze the impact of technology on athletic training, performance, and injury prevention strategies.  












































"
488,"Discuss the role of game mechanics in creating engaging and immersive player experiences in video games.  










































"
489,"Analyze the influence of social media and technology on contemporary fashion trends and consumer behavior.  












































"
490,"Discuss the impact of industrial food production on global food security and environmental sustainability.  












































"
491,"Analyze the use of visual elements like composition and lighting to convey meaning in photography.  














































"
492,"Compare and contrast the narrative techniques employed in two films from different genres or eras.  
















































"
493,"Analyze the use of stagecraft and lighting design to enhance a theatrical production's overall impact.  












































"
494,"Discuss the influence of cultural traditions and historical context on the evolution of dance forms.  












































"
495,"Analyze the impact of streaming services on the television industry's creative and business models.  














































"
496,"Discuss the evolution of radio broadcasting and its ongoing influence on mass media and culture.  
















































"
497,"Analyze the ethical responsibilities of journalists in reporting on sensitive or controversial topics.  












































"
498,"Discuss the impact of social media on political discourse and the spread of misinformation.  














































"
499,"Analyze the effectiveness of different advertising techniques in influencing consumer purchasing decisions and brand loyalty.  
















































"
