id,essay
0,"Mitigating human-induced climate change presents both potential benefits and risks . benefits include reduced greenhouse gas emissions , slowed global warming , and the preservation of ecosystems and biodiversity . Initiatives like renewable energy adoption , energy efficiency , and reforestation can lead to cleaner air , improved public health , and sustainable economic growth . However , risks involve economic disruptions , job losses in traditional energy sectors , and the high costs of transitioning to green technologies . Additionally , some mitigation strategies may have unintended consequences , such as land use conflicts or ecological imbalances . Effective mitigation requires careful planning , international cooperation , and consideration of social and economic factors to ensure equitable and sustainable outcomes . Balancing these benefits and risks is crucial for a successful transition to a low-carbon future ."
1,"The integration of artificial intelligence ( AI ) in healthcare decision-making presents profound ethical implications . AI systems can analyze vast datasets , potentially improving diagnostic accuracy and personalizing treatment plans . However , this raises concerns about patient autonomy , as decisions may be influenced by algorithms rather than human judgment . Data privacy is another critical issue , as sensitive patient information is required for AI training . Ensuring robust Data protection is essential to maintain trust and comply with ethical standards . Furthermore , AI may inadvertently perpetuate biases present in training Data , leading to unequal treatment outcomes . Transparency and explainability of AI systems are vital for healthcare professionals to understand and trust AI-generated recommendations . ethical deployment of AI necessitates a multidisciplinary approach , involving ethicists , clinicians , and technologists , to ensure that AI augments human expert"
2,"Sustainable and traditional building practices differ significantly in their design philosophies , reflecting evolving societal values and environmental awareness . traditional building methods are rooted in historical techniques , often utilizing locally sourced materials and passive design strategies that align with the local climate . These practices emphasize durability and craftsmanship , with an inherent understanding of the environment . Conversely , Sustainable building practices are forward-thinking , aiming to minimize environmental impact through energy efficiency , resource conservation , and renewable materials . They incorporate modern technologies like solar panels , green roofs , and high-performance insulation , focusing on reducing carbon footprints and promoting long-term sustainability . While traditional practices rely on time-tested methods and an symbiotic relationship with nature , Sustainable design is innovative , integrating contemporary ecological principles . Both approaches value"
3,"Infinity is an fundamental concept in various branches of mathematics , representing an unbounded quantity that transcends finite limits . in calculus , Infinity is crucial for understanding limits , derivatives , and integrals , enabling mathematicians to explore continuous change and infinite processes . for example , the concept of limits helps determine the behavior of functions as they approach Infinity , facilitating the study of asymptotic behavior and convergence . in set theory , Infinity plays an vital role in distinguishing between finite and infinite sets , such as the difference between countable and uncountable infinities . Georg Cantor 's work on cardinality and the hierarchy of infinite sets has revolutionized our understanding of Infinity 's structure and properties . in geometry , Infinity is employed in the study of infinite series , such as the sum of the reciprocals of natural numbers , which converges to the value of pi . This concept also extends to fractals , where self-similarity at different scales"
4,"The invention of the printing press by Johannes Gutenberg in the mid-15th century revolutionized the dissemination of knowledge , significantly impacting the course of the European Renaissance . Prior to its advent , books were laboriously hand-copied , limiting their availability and accessibility . the printing press democratized knowledge , making books more affordable and abundant , which fostered an unprecedented spread of ideas . Scholars and artists could now share their works widely , facilitating intellectual exchange and collaboration across Europe . the rapid reproduction of texts , including classical works , scientific treatises , and humanist literature , revived interest in ancient Greek and Roman culture , fueling The Renaissance 's cultural and intellectual awakening . Moreover , The printing press played a crucial role in The Reformation , as it enabled Martin Luther 's 95 Theses to circulate rapidly , challenging the Catholic Church 's"
5,"In F. Scott Fitzgerald 's `` the Great Gatsby , '' The unreliable narration of Nick Carraway serves as a critical element that shapes The reader 's understanding of The story . Nick 's subjective perspective and inherent biases color the narrative , casting doubt on the veracity of his accounts . his romanticized view of Gatsby and his idealization of The American Dream lead to a skewed portrayal of events . This unreliability is further compounded by Nick 's tendency to self-censor , omitting crucial details that could provide a more comprehensive understanding of the characters and their motivations . as a result , readers are left to question the truth behind The glittering facade of the Jazz Age , and The tragic downfall of Gatsby . Fitzgerald 's use of unreliable narration not only adds depth to the narrative but also underscores"
6,"The philosophical implications of artificial consciousness and sentience challenge our understanding of consciousness itself , blurring The lines between human and machine . If machines can genuinely experience awareness , emotions , and self-reflection , it raises questions about The nature of consciousness : Is it purely biological , or can it emerge from complex algorithms ? Such advancements could redefine personhood , rights , and ethics , necessitating a reevaluation of moral frameworks traditionally reserved for living beings . Furthermore , The potential for artificial sentience prompts existential inquiries about purpose and The uniqueness of human experience . If machines can think and feel , what distinguishes human consciousness , and what does this mean for our future coexistence with intelligent machines ? The prospect of artificial consciousness invites us to confront The essence of what it means to be alive , pushing us to reconsider The foundations of our ethical"
7,"Art and social activism have been intrinsically linked throughout history , serving as powerful tools for change and expression . Artists often use their work to comment on societal issues , challenge norms , and inspire action . From the political murals of Diego Rivera during the Mexican Revolution to the anti-apartheid posters of South Africa , Art has played a crucial role in mobilizing communities and shaping public opinion . in the 1960s , the Civil Rights Movement saw Artists like Faith Ringgold and Jacob Lawrence create works that reflected the struggle for racial equality . the Black Arts Movement , which emerged during this period , emphasized the need for a distinctly African American voice in Art , championing the idea that Art should be accessible and relevant to all people . More recently , street Art and graffiti have become prominent mediums for social commentary . Banksy 's satirical pieces and She"
8,"Johann Sebastian Bach ( 1685-1750 ) and Ludwig van Beethoven ( 1770-1827 ) are two prominent composers from different eras whose musical styles exhibit both similarities and differences . Bach , a Baroque composer , is known for his intricate counterpoint and complex harmonic structures . his music is characterized by elaborate melodies and a strong emphasis on polyphony , as seen in his `` Brandenburg Concertos '' and `` Well-Tempered Clavier . '' Beethoven , on the other hand , is a key figure in the transition from the Classical to the Romantic era . his music displays a greater emotional range and dramatic intensity , exemplified in his `` Symphony No . 5 '' and `` Piano Sonata No . 14 . '' Beethoven 's use of motifs , expansion of forms , and exploration of new harmonic"
9,"electoral systems play a crucial role in shaping political representation . Majoritarian systems like First-Past-The-Post ( FPTP ) often lead to a two-party dominance , potentially marginalizing minority voices . However , they can result in stable governments with clear mandates . Proportional representation ( PR ) systems , on the other hand , tend to encourage multi-party systems , fostering greater diversity and inclusivity . they can better reflect the electorate 's preferences but may lead to fragmented legislatures and unstable coalitions . Mixed Electoral systems attempt to balance these aspects , combining elements of FPTP and PR to promote fair representation while maintaining governmental stability . Ultimately , the effectiveness of an electoral system in promoting fair representation depends on the specific political context and the values prioritized , such as inclusivity , stability , or governance efficiency ."
10,"Globalization , the increasing interconnectedness of economies , has had a complex impact on income inequality across nations . on one hand , it has spurred economic growth , job creation , and technology transfer , particularly in developing countries . This has lifted millions out of poverty , narrowing income gaps in countries like China and India . However , Globalization has also exacerbated income inequality within and between nations . the rapid integration of global markets has led to job displacement in certain sectors , primarily affecting low-skilled workers in developed countries . the decline of manufacturing jobs due to offshoring has contributed to wage stagnation and growing income disparities in the United States and Europe . Moreover , the benefits of Globalization are not evenly distributed . Multinational corporations often exploit cheap labor in developing countries , while the wealthy elite in both developed and developing nations accumulate significant profits . This has led"
11,"Cognitive biases are systematic patterns of deviation from rationality in human decision-making , often influenced by psychological factors and heuristics . These biases can significantly impact our judgments , choices , and behaviors , sometimes leading to suboptimal outcomes . One prominent example is confirmation bias , where individuals tend to seek , interpret , and remember information that confirms their preexisting beliefs , while ignoring contradictory evidence . This can result in overconfidence in personal views and hinder critical thinking . Another bias , the availability heuristic , leads people to overestimate the likelihood of events based on their vividness or recency in memory . This can lead to irrational fears or misplaced priorities , as seen in the media 's influence on public perception of crime rates . the anchoring bias occurs when individuals rely too heavily on the first piece of information encountered ( the"
12,"Social media has significantly influenced the formation of Social identities by providing platforms for self-expression , connection , and representation . It allows individuals to curate and present aspects of their identity , such as interests , beliefs , and lifestyle choices , to a broader audience . Through likes , shares , and comments , users receive feedback that can reinforce or challenge their self-perceptions . the curated nature of Social media profiles often leads to the idealization of certain identities , as users may selectively share content that aligns with societal standards or personal aspirations . This can create pressure to conform to perceived norms , potentially leading to a homogenization of identities . However , Social media also offers opportunities for marginalized groups to find community and voice , fostering diverse identities that might not be as visible offline . the interactive aspect of Social media , including the ability to engage with others , can strengthen Social"
13,"Kinship systems are the social structures that define relationships between individuals within a community . Two contrasting examples can be found in the Eskimo Kinship system of Western societies and the Hawaiian Kinship system of Polynesian cultures . the Eskimo Kinship system , prevalent in Western societies , is characterized by its emphasis on nuclear families and bilateral descent . in this system , relatives are classified based on their direct lineage , such as father , mother , brother , and sister . Extended family members like grandparents , aunts , uncles , and cousins are considered less significant , with less frequent interactions . in contrast , the Hawaiian Kinship system , found in Polynesian cultures , focuses on the Extended family unit and emphasizes the importance of communal living . in this system , all relatives are referred to by the same term , such as 'aunt ' or 'uncle"
14,"Symbiotic relationships have played a crucial role in the evolution of complex life forms by fostering mutualistic interactions that enhance survival and adaptation . These relationships , where two different species live in close physical proximity and often depend on each other for resources , have led to significant evolutionary advancements . One prime example is the symbiosis between plants and mycorrhizal fungi . plants provide the fungi with carbohydrates , while the fungi enhance nutrient uptake for the plants , particularly phosphorus and nitrogen . This mutualistic relationship has allowed plants to colonize diverse terrestrial environments , leading to the evolution of complex plant life and , subsequently , the rise of complex ecosystems . Another example is the endosymbiotic theory , which posits that complex eukaryotic cells originated from a Symbiotic relationship between different single-celled"
15,"Chemical reactions are fundamental to both everyday life and industrial processes , serving as the driving force behind numerous phenomena and applications . In daily life , Chemical reactions enable digestion , respiration , and photosynthesis , vital for sustaining life . Cooking , cleaning , and personal care products all rely on Chemical transformations . Industrially , Chemical reactions underpin manufacturing , energy production , and pharmaceuticals . They facilitate the synthesis of materials like plastics , metals , and ceramics , shaping modern infrastructure . In energy , reactions In batteries and fuel cells power devices and vehicles . pharmaceuticals depend on reactions for drug synthesis , ensuring effective treatments for diseases . Moreover , Chemical reactions are crucial for environmental management , such as waste decomposition and pollution control . They also contribute to scientific advancements , from developing new materials to understanding"
16,"Einstein 's theory of relativity , comprising the special and general theories , revolutionized our understanding of the universe , challenging Newtonian physics . the special theory introduced the concept that the laws of physics are the same for all non-accelerating observers and that the speed of light within a vacuum is constant , regardless of the observer 's motion . This led to the realization that time and space are intertwined into a four-dimensional fabric called spacetime , where massive objects cause a curvature that influences the motion of other objects . the general theory extended This to include gravity , describing it not as a force but as a result of This curvature . massive objects like stars and planets warp spacetime , affecting the path of nearby objects . This explains why planets orbit stars and why light bends around massive bodies . relativity has profound implications , such as time dilation , where time slows"
17,"The search for extraterrestrial life is a multifaceted endeavor , combining astrophysics , biology , and advanced technology . Scientists employ various methods to detect potential signs of life beyond Earth . The primary approach is to identify exoplanets within habitable zones where liquid water might exist . Techniques such as The transit method , where a planet passes in front of its star causing a slight dimming detectable by telescopes , and radial velocity , which measures wobbles in a star 's movement due to gravitational pull from orbiting planets , are key . Astrobiologists also scrutinize atmospheric compositions of these planets using spectroscopy , looking for biosignatures like oxygen , methane , or water vapor that may indicate biological processes . Missions like Kepler and TESS have cataloged thousands of exoplanets , while The James Webb Space"
18,"Rock formation occurs through three primary processes : igneous , sedimentary , and metamorphic . 1 . igneous rocks form when molten magma cools and solidifies . magma can originate from the Earth 's mantle or crust , and when it erupts onto the surface as lava , it cools rapidly to form extrusive igneous rocks , such as basalt . Slow cooling of magma beneath the surface creates intrusive igneous rocks , like granite . 2 . sedimentary rocks result from the accumulation and compaction of sediments . These sediments can be derived from weathering and erosion of pre-existing rocks , organic materials , or chemical precipitation . Over time , layers of sediments are compacted and cemented together by minerals , forming rocks like sandstone , shale , and limestone . 3 . Met"
19,"Climate change significantly impacts coastal regions and populations worldwide , manifesting through rising sea levels , increased storm intensity , and coastal erosion . rising sea levels , caused by melting polar ice caps and thermal expansion , threaten to inundate low-lying areas , displacing millions of people and damaging infrastructure . coastal erosion accelerates as storm surges and higher sea levels erode shorelines , leading to loss of land and habitats . increased storm intensity , linked to warmer ocean temperatures , results in more frequent and severe hurricanes , flooding , and damage to coastal communities . The economic impact is substantial , with billions in property damage and loss of livelihoods , particularly affecting small island nations and developing countries with limited resources for adaptation and recovery . Furthermore , Climate change disrupts marine ecosystems , affecting fisheries and food security . Cor"
20,"Conserving biodiversity is crucial for maintaining ecosystem health and resilience . Strategies for conservation include protected areas , habitat restoration , sustainable resource management , and legislation . protected areas , like national parks and wildlife reserves , provide safe havens for species , preserving critical habitats and ecological processes . Studies show that well-managed protected areas effectively conserve biodiversity , though their success depends on adequate funding , enforcement , and connectivity with other habitats . habitat restoration involves rehabilitating degraded ecosystems to support native species . restoration projects , such as reforestation and wetland rehabilitation , have proven effective in improving biodiversity . However , success requires long-term commitment , monitoring , and adaptive management . sustainable resource management balances human needs with e"
21,"the development and use of artificial intelligence ( AI ) raise significant ethical considerations that must be addressed to ensure responsible innovation . Firstly , there is The issue of bias and fairness . AI systems can inadvertently perpetuate societal biases if they are trained on skewed datasets , leading to discriminatory outcomes . Ensuring diverse and representative data is crucial to mitigate this risk . Secondly , The question of accountability arises . When AI systems make decisions , determining responsibility for errors or harm can be complex . Clear guidelines and regulations are needed to establish accountability frameworks , particularly in critical sectors like healthcare and criminal justice . Thirdly , privacy concerns are paramount . AI often relies on vast amounts of personal data , which can be misused if not properly protected . Robust data protection measures and transparent data usage policies are essential to safeguard individual privacy ."
22,"Telehealth has significantly transformed healthcare access and patient outcomes , particularly in underserved areas and during global health crises like the COVID-19 pandemic . By leveraging digital communication tools , Telehealth enables remote consultations , reducing travel time and costs for patients , and overcoming geographical barriers . It has expanded access to specialists , mental health services , and chronic disease management , resulting in timely interventions and improved health outcomes . Studies indicate that Telehealth services can lead to better patient satisfaction , adherence to treatment plans , and reduced hospital readmissions . It also allows for continuous monitoring of patients ' health status , leading to early detection of complications and preventive care . Moreover , Telehealth facilitates patient-centered care By empowering individuals to actively participate in their health management through shared decision-making and health education . However , challenges persist , such as technology liter"
23,"Organ transplantation is a life-saving procedure that presents several challenges and ethical considerations . Firstly , the scarcity of available organs creates a dilemma in allocating them fairly , often leading to long waiting lists and decisions based on urgency , compatibility , and potential for success . This raises questions about the equitable distribution of resources and the value of human life . Secondly , the process of obtaining organs , particularly from living donors , involves potential risks to the donor , including surgical complications and long-term health effects . the ethical principle of autonomy requires informed consent , yet there 's a risk of coercion or undue influence , especially in cases involving family members or financial incentives . Thirdly , Organ trafficking and illegal transplants violate human rights and exploit vulnerable populations . Ensuring transparency , accountability , and stringent"
24,"Restorative justice practices offer an alternative approach to addressing crime , focusing on healing rather than punishment . By involving victims , offenders , and the community in a dialogue , these practices aim to repair harm , foster understanding , and promote reconciliation . Research indicates that Restorative justice can reduce recidivism rates , as offenders often gain empathy and a sense of responsibility . victims may find closure and empowerment through active participation in the justice process . Additionally , community involvement can strengthen social bonds and enhance collective efficacy . However , effectiveness varies depending on implementation , participant willingness , and the nature of the crime . While promising , Restorative justice should complement traditional legal systems to ensure comprehensive crime prevention and resolution ."
25,"Social media marketing has revolutionized the way businesses connect with their customers , driving significant impact on their success . By leveraging platforms like Facebook , Instagram , and Twitter , companies can reach a vast audience at a relatively low cost , fostering brand awareness and engagement . Social media marketing enables businesses to showcase their products , services , and values directly to consumers , facilitating a two-way conversation that builds trust and loyalty . Moreover , Social media analytics provide valuable insights into consumer behavior , preferences , and trends , allowing businesses to tailor their marketing strategies for maximum impact . This data-driven approach helps companies optimize their campaigns , improve customer experiences , and increase conversion rates . In addition , Social media marketing supports business growth By driving traffic to websites , boosting online sales , and expanding customer bases . It also enhances brand visibility , making It easier for businesses to stand"
26,"Teaching methodologies play a crucial role in fostering student learning . Traditional lecture-based approaches , while informative , often fail to engage students actively , leading to passive learning . Conversely , student-centered methodologies like inquiry-based learning , cooperative learning , and problem-based learning promote critical thinking , collaboration , and application of knowledge . inquiry-based learning encourages students to ask questions , investigate , and construct their understanding , leading to deeper comprehension . cooperative learning , where students work in small groups , enhances communication skills and fosters a sense of community . problem-based learning , which presents real-world challenges , develops problem-solving abilities and prepares students for practical applications . Blended learning , combining online and in-person instruction , offers flexibility and caters to diverse learning styles . Technology-enhanced learning , through interactive simulations and multimedia , makes abstract concepts tang"
27,"Technology has revolutionized the training and performance of athletes , enabling them to reach new heights of achievement . Wearable devices and fitness trackers provide real-time data on heart rate , distance covered , and calories burned , allowing athletes to monitor their progress and optimize their training regimen . Advanced analytics and machine learning algorithms can analyze this data to identify patterns , predict performance outcomes , and personalize training programs . Virtual reality ( VR ) Technology offers immersive training experiences , allowing athletes to simulate game situations and practice skills in a controlled environment . this helps them develop mental toughness and decision-making abilities while minimizing the risk of injury . High-speed cameras and motion capture systems provide detailed biomechanical analysis , helping coaches and trainers identify areas for improvement and prevent injuries . injury prevention and rehabilitation have also benefited from Technology . Wearable sensors"
28,"Video game design plays a pivotal role in shaping player engagement and experience . a well-crafted game not only captivates players through immersive storytelling and visually stunning graphics but also provides meaningful gameplay mechanics that challenge and reward players . Good design fosters a sense of accomplishment and progression , encouraging players to invest time and effort . engagement is further enhanced by the incorporation of dynamic difficulty adjustment , ensuring that the game remains accessible yet challenging for players of varying skill levels . This balance prevents frustration or boredom , maintaining player interest over time . Additionally , social features like multiplayer modes and cooperative gameplay promote community building and competition , deepening the player 's connection to the game . the emotional resonance of a game , achieved through compelling narratives and relatable characters , can also significantly impact player experience . a strong narrative arc and character development"
29,"Social media has revolutionized fashion trends and consumer behavior , acting as a catalyst for rapid dissemination and adoption of styles . Platforms like Instagram , TikTok , and Pinterest serve as virtual runways , where influencers and everyday users alike showcase and share their fashion choices . This democratization of fashion has led to a more inclusive and diverse representation of styles , breaking down traditional barriers set by high-end fashion houses . The viral nature of content on Social media accelerates trend cycles , with new styles emerging and fading within days . Consumers are now more reactive , often purchasing trendy items impulsively to stay relevant within their Social circles . Moreover , Social media has empowered Consumers with greater access to information , allowing them to make informed decisions and express their individuality through fashion . Additionally , Social media 's interactive nature fosters a sense of"
30,"Industrial food production has significantly impacted global food security and sustainability . On one hand , it has increased food availability , improved efficiency , and reduced costs , contributing to the feeding of a growing global population . Technological advancements in agriculture , such as high-yield crop varieties , mechanization , and chemical fertilizers , have led to increased productivity . However , these benefits come at a cost . Industrial food production often relies On monocultures , which can deplete soil nutrients and lead to biodiversity loss . the heavy use of chemical fertilizers and pesticides can contaminate water sources and harm non-target species , including pollinators . Moreover , the focus On a few high-yield crops can make the food system more vulnerable to pests , diseases , and climate change . the environmental impact of Industrial food production also poses a threat to"
31,"Photography has profoundly shaped public perception and historical memory by providing visual documentation that transcends language barriers and time . It captures moments with immediacy and authenticity , offering a tangible connection to past events . Iconic images , like the raising of the flag on Iwo Jima or the photo of the Napalm Girl , evoke powerful emotional responses and become etched in collective consciousness . Photographs serve as historical artifacts that can influence narratives and interpretations of events . They can humanize distant conflicts , stir empathy , and prompt social change . However , They also carry the potential for manipulation , as framing and editing can skew reality . in the digital age , the proliferation of images through social media and news outlets has democratized Photography , allowing for a multitude of perspectives . Yet , this abundance also challenges the credibility and significance"
32,"Cinematography plays a pivotal role in shaping the visual aesthetic and emotional impact of films , and its application varies significantly across different genres . in the realm of horror , Cinematography often employs low-key lighting , deep shadows , and high contrast to create an atmosphere of suspense and fear . Close-ups on characters ' faces , combined with jarring camera movements such as quick pans or unsettling tilts , heighten tension and amplify the psychological terror . in contrast , the use of Cinematography in romantic comedies ( rom-coms ) is typically brighter , with soft , natural lighting that enhances the warmth and intimacy of the scenes . Wide shots and medium Close-ups are frequently used to capture the chemistry between characters , often set against vibrant , colorful backdrops that reflect the genre 's optimistic tone ."
33,"Stagecraft plays a pivotal role in enhancing the theatrical experience for audiences , acting as the backbone that brings a script to life . It encompasses various elements , including set design , lighting , Sound , costumes , and props , which collectively contribute to the storytelling process . set design creates the physical world of the play , establishing the time and place , and setting the tone . It can transport audiences to different eras , locations , or even imaginary realms , immersing them in the narrative . lighting is crucial in setting mood , highlighting action , and guiding audience focus . It can evoke emotions , create atmosphere , and signify changes in time or location . sound design , including music and sound effects , adds depth to the story , enhancing the emotional resonance and creating a more immersive experience . It can heighten tension"
34,"Ballet , originating in the Italian Renaissance courts of the 15th century , has evolved into a globally recognized dance form , embodying both artistic expression and cultural significance . Initially , it served as entertainment for royalty , with dancers performing in elaborate court masques . Over time , Ballet transitioned into a professional art form , crystallizing in the 17th century with the establishment of the French Acad√©mie Royale de Danse . the Romantic era in the 19th century introduced pointe work , allowing dancers to appear weightless , reflecting the era 's fascination with ethereal beauty . Ballet 's narrative depth was further enriched by composers like Tchaikovsky , whose scores for `` Swan Lake '' and `` the Nutcracker '' became synonymous with the holiday season . in the 20th century , pione"
35,"Streaming services have revolutionized television production and consumption , significantly impacting the industry . Firstly , they have democratized content creation , allowing independent producers to bypass traditional networks and directly reach audiences . This has led to a surge in diverse , niche content that caters to various tastes , breaking the dominance of mainstream networks . Secondly , Streaming platforms have disrupted the traditional TV scheduling model , enabling viewers to watch content on-demand , anytime , and anywhere . This flexibility has increased viewership , as people can binge-watch entire seasons at their convenience . Consequently , television production has adapted , with longer , more serialized storytelling becoming prevalent . Moreover , Streaming services have introduced data-driven decision-making , leveraging viewership analytics to tailor content and advertising strategies . This has led to more targeted , personalized viewing experiences ,"
36,"Radio broadcasting , since its inception in the early 20th century , has had a profound and lasting impact on society and culture . It revolutionized communication by enabling real-time dissemination of information , entertainment , and news to a wide audience . Radio connected people across vast distances , fostering a sense of shared experience and community . It played a pivotal role during significant historical events , such as wars and political movements , shaping public opinion and influencing societal change . Culturally , Radio introduced diverse music genres , storytelling , and comedy to the masses , democratizing access to art and fostering a collective cultural identity . It also provided a platform for marginalized voices , amplifying underrepresented communities and perspectives . Radio 's influence extends to the development of mass media and advertising , creating a commercial landscape that continues to shape consumer behavior . It also laid the groundwork for"
37,"In the digital age , journalists face unique ethical responsibilities that are crucial for maintaining public trust and democratic integrity . Firstly , journalists must prioritize accuracy and truthfulness , verifying information from multiple sources before publication . the speed of digital media often pressures journalists to release stories quickly , but this should never compromise factual integrity . Secondly , journalists must respect privacy and avoid harm . the digital realm provides access to vast amounts of personal data , yet journalists should be cautious not to intrude on individuals ' private lives unnecessarily or cause undue harm . ethical reporting involves a balance between the public 's right to know and the potential impact on those involved . Thirdly , journalists should maintain impartiality and avoid conflicts of interest . With the rise of social media and personal blogs , the lines between personal and professional opinions can blur . journalists must be transparent about"
38,"Social media algorithms significantly influence information dissemination and user behavior . These algorithms , designed to maximize user engagement , prioritize content based on relevance , popularity , and user interaction . Consequently , users are often exposed to a personalized feed , which can create echo chambers and filter bubbles , reinforcing existing beliefs and limiting exposure to diverse perspectives . This targeted content delivery can lead to the rapid spread of misinformation , as sensational or controversial posts are more likely to attract attention and shares . Moreover , the emphasis on engagement metrics can incentivize content creators to produce clickbait or emotionally charged material , further skewing the information landscape . on the user side , algorithms can shape behavior by subtly guiding attention and shaping perceptions . the constant stream of tailored content can lead to addictive patterns of consumption , with users spending increasing amounts of"
39,"Advertising strategies significantly impact consumer choices , shaping perceptions and driving purchasing decisions . Traditional methods like TV commercials , print ads , and billboards have long dominated the landscape , leveraging mass reach and emotional appeal . However , the digital revolution has introduced targeted online Advertising , utilizing data analytics to personalize content , thus enhancing effectiveness . Social media platforms offer interactive and shareable content , increasing brand visibility and engagement . Influencer marketing taps into trust and relatability , often resulting in higher conversion rates . Email marketing provides direct communication with consumers , offering tailored deals and fostering loyalty . Lastly , experiential marketing creates immersive brand experiences , leaving a lasting impression . the effectiveness of these strategies varies based on audience demographics , product type , and campaign goals . Nonetheless , a blend of Traditional and digital tact"
40,"Branding plays a pivotal role in building customer loyalty and market share by creating a unique identity that resonates with consumers . a strong brand establishes trust and credibility , differentiating products or services from competitors . It encapsulates the values , mission , and personality of a company , fostering emotional connections with customers . Consistent Branding across all touchpoints ensures a cohesive experience , reinforcing brand recognition and recall . This familiarity breeds loyalty , as customers are more likely to stick with a brand they recognize and appreciate . Moreover , a well-crafted brand narrative can evoke positive emotions , leading to word-of-mouth marketing and organic growth . in terms of market share , Branding can be a significant driver . a compelling brand story can attract new customers and retain existing ones , contributing to a larger market share . Additionally , a strong brand can command premium pr"
41,"Crisis communication is a vital component in managing reputational risk , serving as a strategic tool to protect and restore a organization 's image during adverse events . Effective crisis communication involves timely , transparent , and consistent messaging that addresses stakeholders ' concerns , demonstrates accountability , and outlines the steps being taken to rectify the situation . during a crisis , stakeholders , including customers , employees , investors , and the public , seek clarity and reassurance . Failing to communicate adequately can exacerbate the situation , leading to loss of trust , diminished brand loyalty , and potential financial repercussions . Conversely , a well-executed Crisis communication plan can mitigate damage by : 1 . **Maintaining Control** : Organizations that swiftly acknowledge the issue and take responsibility are perceived as more credible and trustworthy . 2 ."
42,"In the United States , lobbying significantly influences the legislative process . Lobbyists , representing various industries , interest groups , and corporations , work to shape legislation by providing expertise , information , and strategic advice to lawmakers . They often meet with legislators and their staff to discuss policy issues , propose amendments , and advocate for or against specific bills . lobbying can lead to more informed decision-making by providing lawmakers with insights into the potential impacts of proposed legislation . However , critics argue that it can also lead to undue influence , as well-funded interest groups may sway lawmakers to prioritize their agendas over the public interest . to mitigate these concerns , the U.S. has established regulations governing lobbying activities , including disclosure requirements and restrictions on gifts to public officials . Despite these measures , the influence of lo"
43,"The effectiveness of government regulation in The pharmaceutical industry can be evaluated through several key aspects . Firstly , regulations ensure The safety and efficacy of drugs , protecting public health by preventing The distribution of ineffective or harmful medications . The Food and Drug Administration ( FDA ) in The United States , for instance , rigorously tests and reviews new drugs before approval , minimizing risks to consumers . Secondly , government regulations promote transparency and accountability . pharmaceutical companies are required to disclose clinical trial data , which allows independent researchers and healthcare professionals to assess The benefits and risks of medications . This transparency fosters trust and enables informed decision-making . Thirdly , regulations stimulate innovation and competition . by setting standards and enforcing patent laws , The government incentivizes pharmaceutical companies"
44,"Drone warfare and targeted killings raise significant ethical concerns , primarily revolving around accountability , proportionality , and the sanctity of human life . the use of drones for targeted killings , often in foreign territories , bypasses traditional legal frameworks and international laws , leading to debates about sovereignty and the just war theory . accountability is problematic ; when drones are used , it 's often challenging to determine who is responsible for the decision-making process and the subsequent actions . This obscurity can lead to a lack of transparency and potential abuse of power . Moreover , the remote nature of Drone operations may desensitize operators to the gravity of taking human lives , potentially leading to misjudgments . the principle of proportionality is also at stake . targeted killings may lead to civilian casualties , which is ethically unacceptable . the"
45,"Human intelligence remains irreplaceable in the age of artificial intelligence ( AI ) . While AI excels at processing vast amounts of data and performing repetitive tasks , it lacks the nuanced understanding , emotional intelligence , and creativity that define Human cognition . Human intelligence is characterized by abstract thinking , problem-solving , and adaptability , enabling us to navigate complex social interactions and ethical dilemmas . AI 's ability to learn and adapt is limited by its programming and algorithms , whereas humans continuously evolve their knowledge and skills . Moreover , Human creativity fuels innovation , driving progress in various fields . the symbiotic relationship between Human intelligence and AI holds promise for enhancing productivity and solving intricate problems . However , it is crucial to harness AI responsibly , ensuring it complements rather than replaces Human capabilities , and preserving the unique aspects of Human intellect . Ultimately , Human intelligence will continue to"
46,"Scientific methods vary across different fields , yet they share common principles like observation , hypothesis formation , experimentation , and analysis . In biology , the Scientific method often involves studying living organisms and their interactions , using techniques like microscopy , DNA sequencing , and controlled experiments . Researchers formulate hypotheses about biological processes , test them through experiments , and analyze data to draw conclusions . In contrast , physics employs the Scientific method to understand the fundamental laws governing matter and energy . Physicists often use mathematical models and simulations , alongside experiments involving particles , waves , and forces . they formulate hypotheses about physical phenomena , test them using experiments like particle accelerators , and analyze data to validate or refine theories . While both biology and physics use observation , hypothesis formation , experimentation , and analysis , the specific tools and approaches differ due to the nature of their subjects . biology focuses on complex living systems and often requires In"
47,"5G technology , with its ultra-fast speeds , low latency , and high capacity , is poised to revolutionize multiple sectors of the economy . In manufacturing , it enables smart factories , improving efficiency through real-time data analytics and automation . the healthcare sector benefits from telemedicine and remote surgeries , providing timely and accurate care . Transportation will see enhanced connectivity for autonomous vehicles , optimizing traffic flow and safety . Retail will experience personalized shopping through augmented reality and seamless mobile payments . the entertainment industry will leverage 5G for immersive streaming and gaming experiences . Overall , 5G 's impact extends beyond these sectors , fostering innovation , driving economic growth , and creating new job opportunities , while also presenting challenges like cybersecurity and infrastructure investment ."
48,"Sustainable infrastructure design faces numerous challenges , including balancing environmental , economic , and social considerations . Key obstacles include integrating renewable energy sources , ensuring long-term durability , and addressing the social equity of infrastructure projects . Innovations in this field are vital for overcoming these hurdles . One challenge is the intermittency of renewable energy sources like solar and wind , which requires innovative energy storage solutions . Advancements in battery technology and alternative storage methods , such as pumped hydro storage and compressed air energy storage , are critical for a reliable Sustainable energy grid . Another challenge is the durability and maintenance of Sustainable materials . Innovations in material science , such as self-healing concrete and corrosion-resistant alloys , can extend the lifespan of infrastructure while reducing the need for repairs and replacements ."
49,"Mathematical modeling is a powerful tool for predicting natural phenomena by translating complex real-world processes into Mathematical equations . These models help scientists understand , simulate , and forecast events ranging from weather patterns to the spread of diseases . for instance , in meteorology , Mathematical models incorporate variables like temperature , humidity , and wind patterns to predict weather changes . the equations governing fluid dynamics and thermodynamics allow meteorologists to simulate atmospheric conditions , leading to accurate forecasts . in epidemiology , models such as the SIR ( Susceptible-Infected-Recovered ) model use differential equations to predict the spread of infectious diseases . by inputting factors like transmission rates and recovery times , public health officials can estimate infection curves and implement effective control measures . Mathematical modeling also plays a crucial role in environmental science . models of population dynamics help e"
50,"The Industrial Revolution ( 1760-1840 ) dramatically transformed social structures and norms . Previously agrarian societies shifted towards Industrial urbanization , leading to The emergence of a new working class . This transition disrupted traditional family structures as more individuals , especially women and children , worked long hours in factories . The rise of Industrial capitalism created stark economic disparities , leading to The development of social theories like Marxism , which critiqued The exploitation of labor . The Industrial Revolution also catalyzed changes in education and literacy rates , as a more skilled workforce was needed . This led to The establishment of public schools and increased access to education , fostering a culture of innovation and progress . Moreover , The Revolution gave rise to labor unions and workers ' rights movements , challenging existing norms of exploitation and advocating for fair wages and better working conditions . The suffragette"
